<?xml version="1.0" encoding="UTF-8"?>
<project-private xmlns="http://www.netbeans.org/ns/project-private/1">
    <editor-bookmarks xmlns="http://www.netbeans.org/ns/editor-bookmarks/2" lastBookmarkId="0"/>
    <open-files xmlns="http://www.netbeans.org/ns/projectui-open-files/2">
        <group>
            <file>file:/D:/Praneeth/Code%20Dump/Lab6_UserAccountManagement/Lab6_UserAccountManagement/src/userinterface/ManageUserAccountsJPanel.java</file>
            <file>file:/D:/Praneeth/Code%20Dump/Lab6_UserAccountManagement/Lab6_UserAccountManagement/src/userinterface/AdminWorkAreaJPanel.java</file>
            <file>file:/D:/Praneeth/Code%20Dump/Lab6_UserAccountManagement/Lab6_UserAccountManagement/src/userinterface/MainJFrame.java</file>
            <file>file:/D:/Praneeth/Code%20Dump/Lab6_UserAccountManagement/Lab6_UserAccountManagement/src/business/Employee.java</file>
            <file>file:/D:/Praneeth/Code%20Dump/Lab6_UserAccountManagement/Lab6_UserAccountManagement/src/business/Business.java</file>
            <file>file:/D:/Praneeth/Code%20Dump/Lab6_UserAccountManagement/Lab6_UserAccountManagement/src/business/UserAccount.java</file>
            <file>file:/D:/Praneeth/Code%20Dump/Lab6_UserAccountManagement/Lab6_UserAccountManagement/src/userinterface/EmployeeWorkAreaJPanel.java</file>
            <file>file:/D:/Praneeth/Code%20Dump/Lab6_UserAccountManagement/Lab6_UserAccountManagement/src/business/Person.java</file>
            <file>file:/D:/Praneeth/Code%20Dump/Lab6_UserAccountManagement/Lab6_UserAccountManagement/src/userinterface/ManageEmployeesJPanel.java</file>
            <file>file:/D:/Praneeth/Code%20Dump/Lab6_UserAccountManagement/Lab6_UserAccountManagement/src/userinterface/AddUserAccountJPanel.java</file>
            <file>file:/D:/Praneeth/Code%20Dump/Lab6_UserAccountManagement/Lab6_UserAccountManagement/src/business/UserAccountDirectory.java</file>
            <file>file:/D:/Praneeth/Code%20Dump/Lab6_UserAccountManagement/Lab6_UserAccountManagement/src/business/EmployeeDirectory.java</file>
            <file>file:/D:/Praneeth/Code%20Dump/Lab6_UserAccountManagement/Lab6_UserAccountManagement/src/business/ConfigureBusiness.java</file>
            <file>file:/D:/Praneeth/Code%20Dump/Lab6_UserAccountManagement/Lab6_UserAccountManagement/src/userinterface/AddEmployeeJPanel.java</file>
        </group>
    </open-files>
</project-private>
